{"cameraMode":{"drawMode":0,"name":"Shaded","section":"Shading Mode"},"sceneLighting":false,"audioPlay":false,"sceneViewState":{"showFog":true,"showMaterialUpdate":false,"showSkybox":true,"showFlares":true,"showImageEffects":true,"showParticleSystems":true},"in2DMode":false,"pivot":{"x":-137.75393676757813,"y":13.85716438293457,"z":360.5933532714844},"rotation":{"x":-0.039231881499290469,"y":0.9206719994544983,"z":-0.10223526507616043,"w":-0.3753072917461395},"size":7.703691482543945,"orthographic":false}