{"cameraMode":{"drawMode":0,"name":"Shaded","section":"Shading Mode"},"sceneLighting":false,"audioPlay":false,"sceneViewState":{"showFog":true,"showMaterialUpdate":false,"showSkybox":true,"showFlares":true,"showImageEffects":true,"showParticleSystems":true},"in2DMode":false,"pivot":{"x":-76.46034240722656,"y":-64.09855651855469,"z":331.881591796875},"rotation":{"x":0.24416327476501466,"y":0.3682691752910614,"z":-0.10050123929977417,"w":0.8915658593177795},"size":305.7305908203125,"orthographic":false}