{"cameraMode":{"drawMode":0,"name":"Shaded","section":"Shading Mode"},"sceneLighting":true,"audioPlay":false,"sceneViewState":{"showFog":true,"showMaterialUpdate":false,"showSkybox":true,"showFlares":true,"showImageEffects":true,"showParticleSystems":true},"in2DMode":false,"pivot":{"x":13.544041633605957,"y":12.187623977661133,"z":4.658197402954102},"rotation":{"x":-0.1373930722475052,"y":0.7992467880249023,"z":-0.19966799020767213,"w":-0.5499670505523682},"size":10.0,"orthographic":false}